backend,size,op,median_ms,p95_ms
memory,1000,write,0.005073000011179829,0.005643999884341611
memory,1000,read,0.005283500058794743,0.00975600005403976
memory,1000,edit,0.004422999836606323,0.0051530000746424776
memory,1000,grep,0.0588575001074787,0.06900400012455066
memory,1000,glob,0.03389600010450522,0.05618600016532582
memory,1000,ls,0.008155499926942866,0.01006599995889701
memory,50000,write,0.004848500111620524,0.008254999556811526
memory,50000,read,0.04143600017414428,0.05556499991143937
memory,50000,edit,0.027618000103757367,0.0436569998782943
memory,50000,grep,0.1836369997363363,0.21416600020529586
memory,50000,glob,0.034111499871869455,0.051373000133025926
memory,50000,ls,0.008410499731326126,0.020232999759173254
memory,500000,write,0.005247999752100441,0.008904999958758708
memory,500000,read,0.2954484998554108,0.3134630001113692
memory,500000,edit,0.23969250014488352,0.2523690000089118
memory,500000,grep,0.402596999947491,0.5882039999960398
memory,500000,glob,0.034213999924759264,0.050227999963681214
memory,500000,ls,0.011065999842685414,0.012927000170748215
sqlite,1000,write,2.59439299998121,2.795583000079205
sqlite,1000,read,0.012552000271170982,0.025533999632898485
sqlite,1000,edit,2.5628150001466565,2.700126000036107
sqlite,1000,grep,0.18461149988979741,0.2529299999878276
sqlite,1000,glob,0.21262749987727148,0.2366610001445224
sqlite,1000,ls,0.014512999996441067,0.016419000075984513
sqlite,50000,write,2.5714979999520438,2.813799000250583
sqlite,50000,read,0.0632850001238694,0.088408999999956
sqlite,50000,edit,1.0499254999558616,1.127092999922752
sqlite,50000,grep,0.509932000113622,0.6411340000340715
sqlite,50000,glob,0.6184109997775522,0.7984919998307305
sqlite,50000,ls,0.014938000049369293,0.027985000087937806
sqlite,500000,write,1.6723280000405794,2.5733459997354657
sqlite,500000,read,0.34230400001433736,0.3745260000869166
sqlite,500000,edit,1.9841255000301317,3.10817199988378
sqlite,500000,grep,7.4685890001546795,8.325898999828496
sqlite,500000,glob,9.485021999807941,10.385529999894061
sqlite,500000,ls,0.019619000113380025,0.06609100000787294
disk,1000,write,0.6870284998967691,0.8498299998791481
disk,1000,read,0.05257999987406947,0.09302399985244847
disk,1000,edit,0.1640279999719496,0.21336200006771833
disk,1000,grep,1.6657100002248626,1.8445870000505238
disk,1000,glob,2.5868209997952363,3.37027500017939
disk,1000,ls,0.5968899999970745,0.7820989999345329
disk,50000,write,0.7196389997261576,0.7786520000081509
disk,50000,read,0.09754699999575678,0.11331399991831859
disk,50000,edit,0.2475585001775471,0.47634800012019696
disk,50000,grep,1.9454709999990882,2.3471570002584485
disk,50000,glob,2.814609500092047,3.324586999951862
disk,50000,ls,0.5616980001832417,0.7500280003114312
disk,500000,write,1.023814000063794,1.400978999754443
disk,500000,read,0.4066740000325808,0.44820499988418305
disk,500000,edit,1.2057560002176615,1.4713870000377938
disk,500000,grep,8.263589500074886,9.61809299997185
disk,500000,glob,10.545664500114071,11.206082999706268
disk,500000,ls,0.5481204998432077,0.6315099999483209
